{"loss_tr_tf_0": 1.0023473501205444, "loss_tr_tf_1": 0.2563059628009796, "loss_tr_tf_2": -0.6521903872489929, "loss_tr_tf_3": 1.0505459308624268, "loss_te_tf_0": 1.280877709388733, "loss_te_tf_1": 0.3477996587753296, "loss_te_tf_2": -0.38135620951652527, "loss_te_tf_3": 0.9667483568191528, "r2_tr_ae": 0.7146965265274048, "r2_te_ae": 0.7065680623054504, "loss_tr_lat_ssi": 0.08144184201955795, "loss_te_lat_ssi": 0.1504555195569992, "r2_tr_lat_ssi": 0.6521905064582825, "r2_te_lat_ssi": 0.38135620951652527, "loss_tr_ssi": 0.325767457485199, "loss_te_ssi": 0.6018220782279968, "r2_tr_tot_ssi": 0.6521905064582825, "r2_te_tot_ssi": 0.38135623931884766, "r2_tr_ssi_0": 0.8080295324325562, "r2_te_ssi_0": 0.6288397908210754, "lr": 0.0010000000474974513, "w_ae": 1.0, "w_ssi": 1.0, "eigs_0": 0.9762338399887085, "constrain": 2.6517463993513957e-05, "mean_bot_0": -0.3230462372303009, "mean_bot_1": -0.23884138464927673, "mean_bot_2": 0.03581184521317482, "mean_bot_3": -0.0039966232143342495, "var_bot_0": 0.7800319790840149, "var_bot_1": 0.6935920715332031, "var_bot_2": 2.184077024459839, "var_bot_3": 0.7806956768035889, "w_ssi_raw": 1.0, "loss_tr_raw_ssi": 1.0505460500717163, "loss_te_raw_ssi": 0.9667484164237976, "r2_tr_raw_ssi": 0.1833769977092743, "r2_te_raw_ssi": 0.12668940424919128, "loss": 1.0935767889022827, "autoencoder_loss": 0.3015231788158417, "merged_linear_ssi_loss": -0.6170282959938049, "en_dec_ssi_to_raw_loss": 1.0604099035263062, "step": 60}