{"loss_tr_tf_0": 0.754324197769165, "loss_tr_tf_1": 0.19574831426143646, "loss_tr_tf_2": -0.7060752511024475, "loss_tr_tf_3": 1.0357102155685425, "loss_te_tf_0": 0.9549562335014343, "loss_te_tf_1": 0.23522670567035675, "loss_te_tf_2": -0.4620431363582611, "loss_te_tf_3": 0.9528316259384155, "r2_tr_ae": 0.7796021699905396, "r2_te_ae": 0.7693146467208862, "loss_tr_lat_ssi": 0.06418359279632568, "loss_te_lat_ssi": 0.11185592412948608, "r2_tr_lat_ssi": 0.7060753107070923, "r2_te_lat_ssi": 0.4620431363582611, "loss_tr_ssi": 0.2567344307899475, "loss_te_ssi": 0.4474237859249115, "r2_tr_tot_ssi": 0.7060753107070923, "r2_te_tot_ssi": 0.4620431959629059, "r2_tr_ssi_0": 0.8405531048774719, "r2_te_ssi_0": 0.6862201690673828, "lr": 0.0010000000474974513, "w_ae": 1.0, "w_ssi": 1.0, "eigs_0": 0.9630878567695618, "constrain": 0.00011162563168909401, "mean_bot_0": -0.38346031308174133, "mean_bot_1": -0.20837846398353577, "mean_bot_2": 0.3246314525604248, "mean_bot_3": 0.008070715703070164, "var_bot_0": 2.2856149673461914, "var_bot_1": 1.6069990396499634, "var_bot_2": 2.7223360538482666, "var_bot_3": 1.358001947402954, "w_ssi_raw": 1.0, "loss_tr_raw_ssi": 1.0357102155685425, "loss_te_raw_ssi": 0.9528317451477051, "r2_tr_raw_ssi": 0.19490936398506165, "r2_te_raw_ssi": 0.13926097750663757, "loss": 0.8212047815322876, "autoencoder_loss": 0.2166776955127716, "merged_linear_ssi_loss": -0.6621671915054321, "en_dec_ssi_to_raw_loss": 1.0378215312957764, "step": 380}