{"loss_tr_tf_0": 0.7482112646102905, "loss_tr_tf_1": 0.19643370807170868, "loss_tr_tf_2": -0.7131620645523071, "loss_tr_tf_3": 1.0350532531738281, "loss_te_tf_0": 0.9510031938552856, "loss_te_tf_1": 0.23380914330482483, "loss_te_tf_2": -0.4666447043418884, "loss_te_tf_3": 0.953952431678772, "r2_tr_ae": 0.778706967830658, "r2_te_ae": 0.7688658833503723, "loss_tr_lat_ssi": 0.06257335841655731, "loss_te_lat_ssi": 0.10866143554449081, "r2_tr_lat_ssi": 0.7131621241569519, "r2_te_lat_ssi": 0.46664467453956604, "loss_tr_ssi": 0.2502935230731964, "loss_te_ssi": 0.4346458315849304, "r2_tr_tot_ssi": 0.7131621241569519, "r2_te_tot_ssi": 0.4666447043418884, "r2_tr_ssi_0": 0.8446851968765259, "r2_te_ssi_0": 0.6905433535575867, "lr": 0.0010000000474974513, "w_ae": 1.0, "w_ssi": 1.0, "eigs_0": 0.9661437273025513, "constrain": 2.4131786631187424e-05, "mean_bot_0": -0.36704450845718384, "mean_bot_1": -0.20970959961414337, "mean_bot_2": 0.34558671712875366, "mean_bot_3": -0.016988981515169144, "var_bot_0": 2.285327911376953, "var_bot_1": 1.6107336282730103, "var_bot_2": 2.728445529937744, "var_bot_3": 1.422593355178833, "w_ssi_raw": 1.0, "loss_tr_raw_ssi": 1.0350532531738281, "loss_te_raw_ssi": 0.953952431678772, "r2_tr_raw_ssi": 0.19541993737220764, "r2_te_raw_ssi": 0.13824859261512756, "loss": 0.8178524971008301, "autoencoder_loss": 0.22229990363121033, "merged_linear_ssi_loss": -0.6749688982963562, "en_dec_ssi_to_raw_loss": 1.0406140089035034, "step": 460}