{"loss_tr_tf_0": 0.7615228295326233, "loss_tr_tf_1": 0.19473890960216522, "loss_tr_tf_2": -0.6993066668510437, "loss_tr_tf_3": 1.0373806953430176, "loss_te_tf_0": 0.9818040728569031, "loss_te_tf_1": 0.23643819987773895, "loss_te_tf_2": -0.44120097160339355, "loss_te_tf_3": 0.9578571319580078, "r2_tr_ae": 0.780238687992096, "r2_te_ae": 0.76920086145401, "loss_tr_lat_ssi": 0.06538450717926025, "loss_te_lat_ssi": 0.115892194211483, "r2_tr_lat_ssi": 0.6993066072463989, "r2_te_lat_ssi": 0.44120103120803833, "loss_tr_ssi": 0.2615380883216858, "loss_te_ssi": 0.46356886625289917, "r2_tr_tot_ssi": 0.6993066072463989, "r2_te_tot_ssi": 0.44120103120803833, "r2_tr_ssi_0": 0.8366701006889343, "r2_te_ssi_0": 0.6743634939193726, "lr": 0.0010000000474974513, "w_ae": 1.0, "w_ssi": 1.0, "eigs_0": 0.9612076878547668, "constrain": 2.027805930993054e-05, "mean_bot_0": -0.4115158021450043, "mean_bot_1": -0.17229267954826355, "mean_bot_2": 0.330532431602478, "mean_bot_3": 0.03910424932837486, "var_bot_0": 2.214017391204834, "var_bot_1": 1.5574243068695068, "var_bot_2": 2.8170313835144043, "var_bot_3": 1.3339054584503174, "w_ssi_raw": 1.0, "loss_tr_raw_ssi": 1.0373809337615967, "loss_te_raw_ssi": 0.9578570127487183, "r2_tr_raw_ssi": 0.19361065328121185, "r2_te_raw_ssi": 0.1347213238477707, "loss": 0.8242589235305786, "autoencoder_loss": 0.22908875346183777, "merged_linear_ssi_loss": -0.6697938442230225, "en_dec_ssi_to_raw_loss": 1.0362480878829956, "step": 320}