{"loss_tr_tf_0": 0.7432132959365845, "loss_tr_tf_1": 0.19938203692436218, "loss_tr_tf_2": -0.7203180193901062, "loss_tr_tf_3": 1.0331647396087646, "loss_te_tf_0": 0.9329012632369995, "loss_te_tf_1": 0.2338823527097702, "loss_te_tf_2": -0.48339301347732544, "loss_te_tf_3": 0.9514274597167969, "r2_tr_ae": 0.7774162292480469, "r2_te_ae": 0.767322838306427, "loss_tr_lat_ssi": 0.06652864068746567, "loss_te_lat_ssi": 0.11568140983581543, "r2_tr_lat_ssi": 0.7203180193901062, "r2_te_lat_ssi": 0.4833930432796478, "loss_tr_ssi": 0.26611459255218506, "loss_te_ssi": 0.46272581815719604, "r2_tr_tot_ssi": 0.7203179597854614, "r2_te_tot_ssi": 0.4833930432796478, "r2_tr_ssi_0": 0.8489513397216797, "r2_te_ssi_0": 0.7019020318984985, "lr": 0.0010000000474974513, "w_ae": 1.0, "w_ssi": 1.0, "eigs_0": 0.9607510566711426, "constrain": 2.2671683836961165e-05, "mean_bot_0": -0.3436863422393799, "mean_bot_1": -0.20341365039348602, "mean_bot_2": 0.35632073879241943, "mean_bot_3": -0.0782298818230629, "var_bot_0": 2.33830189704895, "var_bot_1": 1.6317144632339478, "var_bot_2": 2.589085340499878, "var_bot_3": 1.576195240020752, "w_ssi_raw": 1.0, "loss_tr_raw_ssi": 1.0331647396087646, "loss_te_raw_ssi": 0.9514274597167969, "r2_tr_raw_ssi": 0.19688796997070312, "r2_te_raw_ssi": 0.14052948355674744, "loss": 0.8144851922988892, "autoencoder_loss": 0.22656980156898499, "merged_linear_ssi_loss": -0.6692665815353394, "en_dec_ssi_to_raw_loss": 1.026139497756958, "step": 800}