{"loss_tr_tf_0": 0.7760635018348694, "loss_tr_tf_1": 0.19577427208423615, "loss_tr_tf_2": -0.693753719329834, "loss_tr_tf_3": 1.0417202711105347, "loss_te_tf_0": 0.9948722124099731, "loss_te_tf_1": 0.23836347460746765, "loss_te_tf_2": -0.4355342388153076, "loss_te_tf_3": 0.9597203135490417, "r2_tr_ae": 0.7788945436477661, "r2_te_ae": 0.7687272429466248, "loss_tr_lat_ssi": 0.06484239548444748, "loss_te_lat_ssi": 0.11801576614379883, "r2_tr_lat_ssi": 0.6937538385391235, "r2_te_lat_ssi": 0.4355342388153076, "loss_tr_ssi": 0.2593696415424347, "loss_te_ssi": 0.4720631539821625, "r2_tr_tot_ssi": 0.6937538385391235, "r2_te_tot_ssi": 0.43553417921066284, "r2_tr_ssi_0": 0.8333637118339539, "r2_te_ssi_0": 0.6686297655105591, "lr": 0.0010000000474974513, "w_ae": 1.0, "w_ssi": 1.0, "eigs_0": 0.9580923914909363, "constrain": 2.8768710762960836e-05, "mean_bot_0": -0.39300787448883057, "mean_bot_1": -0.15785565972328186, "mean_bot_2": 0.306122362613678, "mean_bot_3": 0.023463601246476173, "var_bot_0": 2.075021743774414, "var_bot_1": 1.4691290855407715, "var_bot_2": 2.8940913677215576, "var_bot_3": 1.33197820186615, "w_ssi_raw": 1.0, "loss_tr_raw_ssi": 1.0417202711105347, "loss_te_raw_ssi": 0.959720253944397, "r2_tr_raw_ssi": 0.19023747742176056, "r2_te_raw_ssi": 0.13303819298744202, "loss": 0.8563352823257446, "autoencoder_loss": 0.21583907306194305, "merged_linear_ssi_loss": -0.643244206905365, "en_dec_ssi_to_raw_loss": 1.0512206554412842, "step": 240}