{"loss_tr_tf_0": 0.7665665745735168, "loss_tr_tf_1": 0.19578436017036438, "loss_tr_tf_2": -0.6990668177604675, "loss_tr_tf_3": 1.0406253337860107, "loss_te_tf_0": 0.9773127436637878, "loss_te_tf_1": 0.23737815022468567, "loss_te_tf_2": -0.44636350870132446, "loss_te_tf_3": 0.9570743441581726, "r2_tr_ae": 0.7789998054504395, "r2_te_ae": 0.7687541246414185, "loss_tr_lat_ssi": 0.06496147811412811, "loss_te_lat_ssi": 0.11488044261932373, "r2_tr_lat_ssi": 0.6990667581558228, "r2_te_lat_ssi": 0.44636350870132446, "loss_tr_ssi": 0.2598459720611572, "loss_te_ssi": 0.4595218598842621, "r2_tr_tot_ssi": 0.6990668177604675, "r2_te_tot_ssi": 0.4463634490966797, "r2_tr_ssi_0": 0.8366706967353821, "r2_te_ssi_0": 0.6764708757400513, "lr": 0.0010000000474974513, "w_ae": 1.0, "w_ssi": 1.0, "eigs_0": 0.9529361724853516, "constrain": 0.00011688431550282985, "mean_bot_0": -0.40307921171188354, "mean_bot_1": -0.16973581910133362, "mean_bot_2": 0.33971861004829407, "mean_bot_3": 0.03126402571797371, "var_bot_0": 2.2237765789031982, "var_bot_1": 1.5535252094268799, "var_bot_2": 2.9099535942077637, "var_bot_3": 1.35732102394104, "w_ssi_raw": 1.0, "loss_tr_raw_ssi": 1.0406253337860107, "loss_te_raw_ssi": 0.9570743441581726, "r2_tr_raw_ssi": 0.1910887360572815, "r2_te_raw_ssi": 0.13542839884757996, "loss": 0.8259437680244446, "autoencoder_loss": 0.20842871069908142, "merged_linear_ssi_loss": -0.6541433334350586, "en_dec_ssi_to_raw_loss": 1.0425512790679932, "step": 300}