{"loss_tr_tf_0": 0.760382354259491, "loss_tr_tf_1": 0.19526438415050507, "loss_tr_tf_2": -0.7024273872375488, "loss_tr_tf_3": 1.0387483835220337, "loss_te_tf_0": 0.9657021760940552, "loss_te_tf_1": 0.23706576228141785, "loss_te_tf_2": -0.4558643400669098, "loss_te_tf_3": 0.9557037353515625, "r2_tr_ae": 0.7803645133972168, "r2_te_ae": 0.7695103287696838, "loss_tr_lat_ssi": 0.06638391315937042, "loss_te_lat_ssi": 0.1162387952208519, "r2_tr_lat_ssi": 0.7024272680282593, "r2_te_lat_ssi": 0.4558643400669098, "loss_tr_ssi": 0.26553574204444885, "loss_te_ssi": 0.46495532989501953, "r2_tr_tot_ssi": 0.7024273872375488, "r2_te_tot_ssi": 0.4558643698692322, "r2_tr_ssi_0": 0.8384048342704773, "r2_te_ssi_0": 0.6825805902481079, "lr": 0.0010000000474974513, "w_ae": 1.0, "w_ssi": 1.0, "eigs_0": 0.9571121335029602, "constrain": 5.5166485253721476e-05, "mean_bot_0": -0.3984445631504059, "mean_bot_1": -0.18773941695690155, "mean_bot_2": 0.33728545904159546, "mean_bot_3": 0.025961551815271378, "var_bot_0": 2.2234034538269043, "var_bot_1": 1.5725823640823364, "var_bot_2": 2.8415191173553467, "var_bot_3": 1.3255615234375, "w_ssi_raw": 1.0, "loss_tr_raw_ssi": 1.0387483835220337, "loss_te_raw_ssi": 0.9557037353515625, "r2_tr_raw_ssi": 0.19254770874977112, "r2_te_raw_ssi": 0.13666652143001556, "loss": 0.7987740635871887, "autoencoder_loss": 0.20878534018993378, "merged_linear_ssi_loss": -0.6765826344490051, "en_dec_ssi_to_raw_loss": 1.037899374961853, "step": 340}