{"loss_tr_tf_0": 0.739464521408081, "loss_tr_tf_1": 0.19827790558338165, "loss_tr_tf_2": -0.72093266248703, "loss_tr_tf_3": 1.030759572982788, "loss_te_tf_0": 0.9363288879394531, "loss_te_tf_1": 0.2341209352016449, "loss_te_tf_2": -0.4810851216316223, "loss_te_tf_3": 0.9519333839416504, "r2_tr_ae": 0.7774890661239624, "r2_te_ae": 0.7671064138412476, "loss_tr_lat_ssi": 0.0644332617521286, "loss_te_lat_ssi": 0.11124589294195175, "r2_tr_lat_ssi": 0.72093266248703, "r2_te_lat_ssi": 0.4810851514339447, "loss_tr_ssi": 0.25773313641548157, "loss_te_ssi": 0.44498366117477417, "r2_tr_tot_ssi": 0.72093266248703, "r2_te_tot_ssi": 0.4810851216316223, "r2_tr_ssi_0": 0.8493312001228333, "r2_te_ssi_0": 0.7011293172836304, "lr": 0.0010000000474974513, "w_ae": 1.0, "w_ssi": 1.0, "eigs_0": 0.965018630027771, "constrain": 5.520529884961434e-05, "mean_bot_0": -0.3430289328098297, "mean_bot_1": -0.2106463611125946, "mean_bot_2": 0.35314780473709106, "mean_bot_3": -0.06758127361536026, "var_bot_0": 2.3292465209960938, "var_bot_1": 1.6151816844940186, "var_bot_2": 2.6129584312438965, "var_bot_3": 1.5725293159484863, "w_ssi_raw": 1.0, "loss_tr_raw_ssi": 1.030759572982788, "loss_te_raw_ssi": 0.9519335031509399, "r2_tr_raw_ssi": 0.19875766336917877, "r2_te_raw_ssi": 0.14007243514060974, "loss": 0.813835620880127, "autoencoder_loss": 0.2217750996351242, "merged_linear_ssi_loss": -0.6783221960067749, "en_dec_ssi_to_raw_loss": 1.0390450954437256, "step": 780}