{"loss_tr_tf_0": 0.8072155714035034, "loss_tr_tf_1": 0.19595417380332947, "loss_tr_tf_2": -0.6803485155105591, "loss_tr_tf_3": 1.0455589294433594, "loss_te_tf_0": 1.0342918634414673, "loss_te_tf_1": 0.24552106857299805, "loss_te_tf_2": -0.4167831540107727, "loss_te_tf_3": 0.9595029950141907, "r2_tr_ae": 0.7766575217247009, "r2_te_ae": 0.7672088146209717, "loss_tr_lat_ssi": 0.07333387434482574, "loss_te_lat_ssi": 0.13246941566467285, "r2_tr_lat_ssi": 0.6803484559059143, "r2_te_lat_ssi": 0.4167831540107727, "loss_tr_ssi": 0.29333558678627014, "loss_te_ssi": 0.5298778414726257, "r2_tr_tot_ssi": 0.6803484559059143, "r2_te_tot_ssi": 0.4167831540107727, "r2_tr_ssi_0": 0.8253447413444519, "r2_te_ssi_0": 0.6536874771118164, "lr": 0.0010000000474974513, "w_ae": 1.0, "w_ssi": 1.0, "eigs_0": 0.9566477537155151, "constrain": 7.760879816487432e-05, "mean_bot_0": -0.4247491955757141, "mean_bot_1": -0.15858198702335358, "mean_bot_2": 0.19975607097148895, "mean_bot_3": 0.034489523619413376, "var_bot_0": 1.6571424007415771, "var_bot_1": 1.2724277973175049, "var_bot_2": 2.7760255336761475, "var_bot_3": 1.1565556526184082, "w_ssi_raw": 1.0, "loss_tr_raw_ssi": 1.045559048652649, "loss_te_raw_ssi": 0.9595030546188354, "r2_tr_raw_ssi": 0.18725351989269257, "r2_te_raw_ssi": 0.1332344114780426, "loss": 0.8717893362045288, "autoencoder_loss": 0.23010198771953583, "merged_linear_ssi_loss": -0.6407531499862671, "en_dec_ssi_to_raw_loss": 1.036165475845337, "step": 160}