{"loss_tr_tf_0": 0.7702889442443848, "loss_tr_tf_1": 0.19612422585487366, "loss_tr_tf_2": -0.6944241523742676, "loss_tr_tf_3": 1.0389435291290283, "loss_te_tf_0": 0.9905874133110046, "loss_te_tf_1": 0.23519296944141388, "loss_te_tf_2": -0.43206921219825745, "loss_te_tf_3": 0.9578185081481934, "r2_tr_ae": 0.7792731523513794, "r2_te_ae": 0.7696064710617065, "loss_tr_lat_ssi": 0.06528965383768082, "loss_te_lat_ssi": 0.12024172395467758, "r2_tr_lat_ssi": 0.6944240927696228, "r2_te_lat_ssi": 0.43206921219825745, "loss_tr_ssi": 0.26115867495536804, "loss_te_ssi": 0.4809669554233551, "r2_tr_tot_ssi": 0.6944241523742676, "r2_te_tot_ssi": 0.4320693016052246, "r2_tr_ssi_0": 0.8339797854423523, "r2_te_ssi_0": 0.6666514277458191, "lr": 0.0010000000474974513, "w_ae": 1.0, "w_ssi": 1.0, "eigs_0": 0.9557269811630249, "constrain": 1.9387111024116166e-05, "mean_bot_0": -0.3970012664794922, "mean_bot_1": -0.16330304741859436, "mean_bot_2": 0.3220807909965515, "mean_bot_3": 0.027939418330788612, "var_bot_0": 2.181851863861084, "var_bot_1": 1.5123876333236694, "var_bot_2": 2.886024236679077, "var_bot_3": 1.3615703582763672, "w_ssi_raw": 1.0, "loss_tr_raw_ssi": 1.0389435291290283, "loss_te_raw_ssi": 0.9578185081481934, "r2_tr_raw_ssi": 0.1923958957195282, "r2_te_raw_ssi": 0.1347561627626419, "loss": 0.8428900837898254, "autoencoder_loss": 0.22195541858673096, "merged_linear_ssi_loss": -0.6492658853530884, "en_dec_ssi_to_raw_loss": 1.0405213832855225, "step": 280}