{"loss_tr_tf_0": 0.743537187576294, "loss_tr_tf_1": 0.20042403042316437, "loss_tr_tf_2": -0.7184762358665466, "loss_tr_tf_3": 1.0308910608291626, "loss_te_tf_0": 0.9469966888427734, "loss_te_tf_1": 0.23754748702049255, "loss_te_tf_2": -0.47408270835876465, "loss_te_tf_3": 0.9528335332870483, "r2_tr_ae": 0.7758458852767944, "r2_te_ae": 0.7652700543403625, "loss_tr_lat_ssi": 0.06565313041210175, "loss_te_lat_ssi": 0.11608356237411499, "r2_tr_lat_ssi": 0.7184761762619019, "r2_te_lat_ssi": 0.4740826487541199, "loss_tr_ssi": 0.26261261105537415, "loss_te_ssi": 0.4643343389034271, "r2_tr_tot_ssi": 0.7184761762619019, "r2_te_tot_ssi": 0.4740826487541199, "r2_tr_ssi_0": 0.8478401303291321, "r2_te_ssi_0": 0.6964158415794373, "lr": 0.0010000000474974513, "w_ae": 1.0, "w_ssi": 1.0, "eigs_0": 0.9638249278068542, "constrain": 7.907116378191859e-05, "mean_bot_0": -0.34683099389076233, "mean_bot_1": -0.21386030316352844, "mean_bot_2": 0.3679080605506897, "mean_bot_3": -0.061385203152894974, "var_bot_0": 2.313502788543701, "var_bot_1": 1.6298326253890991, "var_bot_2": 2.7067627906799316, "var_bot_3": 1.5288324356079102, "w_ssi_raw": 1.0, "loss_tr_raw_ssi": 1.0308911800384521, "loss_te_raw_ssi": 0.9528335332870483, "r2_tr_raw_ssi": 0.19865544140338898, "r2_te_raw_ssi": 0.1392592489719391, "loss": 0.8219510912895203, "autoencoder_loss": 0.21989956498146057, "merged_linear_ssi_loss": -0.6648379564285278, "en_dec_ssi_to_raw_loss": 1.0362955331802368, "step": 720}