{"loss_tr_tf_0": 0.793701708316803, "loss_tr_tf_1": 0.19485823810100555, "loss_tr_tf_2": -0.6852596998214722, "loss_tr_tf_3": 1.0430842638015747, "loss_te_tf_0": 1.0247451066970825, "loss_te_tf_1": 0.24158108234405518, "loss_te_tf_2": -0.419150173664093, "loss_te_tf_3": 0.9612952470779419, "r2_tr_ae": 0.7784277200698853, "r2_te_ae": 0.7682890892028809, "loss_tr_lat_ssi": 0.07012667506933212, "loss_te_lat_ssi": 0.1296459436416626, "r2_tr_lat_ssi": 0.6852596402168274, "r2_te_lat_ssi": 0.419150173664093, "loss_tr_ssi": 0.28050678968429565, "loss_te_ssi": 0.5185839533805847, "r2_tr_tot_ssi": 0.6852596402168274, "r2_te_tot_ssi": 0.419150173664093, "r2_tr_ssi_0": 0.8282939791679382, "r2_te_ssi_0": 0.6565753221511841, "lr": 0.0010000000474974513, "w_ae": 1.0, "w_ssi": 1.0, "eigs_0": 0.9561276435852051, "constrain": 1.0854464562726207e-05, "mean_bot_0": -0.4154028296470642, "mean_bot_1": -0.16028770804405212, "mean_bot_2": 0.2329828292131424, "mean_bot_3": 0.038229018449783325, "var_bot_0": 1.777631163597107, "var_bot_1": 1.3220505714416504, "var_bot_2": 2.919071674346924, "var_bot_3": 1.2196708917617798, "w_ssi_raw": 1.0, "loss_tr_raw_ssi": 1.0430842638015747, "loss_te_raw_ssi": 0.9612952470779419, "r2_tr_raw_ssi": 0.1891772598028183, "r2_te_raw_ssi": 0.13161548972129822, "loss": 0.8812590837478638, "autoencoder_loss": 0.22761256992816925, "merged_linear_ssi_loss": -0.6369126439094543, "en_dec_ssi_to_raw_loss": 1.0494028329849243, "step": 180}