{"loss_tr_tf_0": 0.8712280988693237, "loss_tr_tf_1": 0.20779725909233093, "loss_tr_tf_2": -0.6696473956108093, "loss_tr_tf_3": 1.0467314720153809, "loss_te_tf_0": 1.1243057250976562, "loss_te_tf_1": 0.27066320180892944, "loss_te_tf_2": -0.3966636657714844, "loss_te_tf_3": 0.9639592170715332, "r2_tr_ae": 0.7635445594787598, "r2_te_ae": 0.7545725107192993, "loss_tr_lat_ssi": 0.07634299248456955, "loss_te_lat_ssi": 0.1412956714630127, "r2_tr_lat_ssi": 0.6696473956108093, "r2_te_lat_ssi": 0.3966636061668396, "loss_tr_ssi": 0.30537205934524536, "loss_te_ssi": 0.5651828050613403, "r2_tr_tot_ssi": 0.6696473956108093, "r2_te_tot_ssi": 0.3966636657714844, "r2_tr_ssi_0": 0.8187745809555054, "r2_te_ssi_0": 0.638801097869873, "lr": 0.0010000000474974513, "w_ae": 1.0, "w_ssi": 1.0, "eigs_0": 0.955355167388916, "constrain": 2.6670430088415742e-05, "mean_bot_0": -0.41984429955482483, "mean_bot_1": -0.17409047484397888, "mean_bot_2": 0.06726617366075516, "mean_bot_3": 0.022989850491285324, "var_bot_0": 1.1446030139923096, "var_bot_1": 1.002096176147461, "var_bot_2": 2.482830762863159, "var_bot_3": 0.9318575859069824, "w_ssi_raw": 1.0, "loss_tr_raw_ssi": 1.0467314720153809, "loss_te_raw_ssi": 0.9639592170715332, "r2_tr_raw_ssi": 0.18634220957756042, "r2_te_raw_ssi": 0.12920893728733063, "loss": 0.9466282725334167, "autoencoder_loss": 0.2347615659236908, "merged_linear_ssi_loss": -0.6275800466537476, "en_dec_ssi_to_raw_loss": 1.052460789680481, "step": 100}