{"loss_tr_tf_0": 0.7724261283874512, "loss_tr_tf_1": 0.19520622491836548, "loss_tr_tf_2": -0.6955451369285583, "loss_tr_tf_3": 1.0418294668197632, "loss_te_tf_0": 0.9888117909431458, "loss_te_tf_1": 0.23849272727966309, "loss_te_tf_2": -0.44070905447006226, "loss_te_tf_3": 0.9600924253463745, "r2_tr_ae": 0.7795513868331909, "r2_te_ae": 0.768878698348999, "loss_tr_lat_ssi": 0.06525357067584991, "loss_te_lat_ssi": 0.11870642751455307, "r2_tr_lat_ssi": 0.6955451369285583, "r2_te_lat_ssi": 0.44070902466773987, "loss_tr_ssi": 0.26101434230804443, "loss_te_ssi": 0.47482576966285706, "r2_tr_tot_ssi": 0.6955451369285583, "r2_te_tot_ssi": 0.44070902466773987, "r2_tr_ssi_0": 0.8343184590339661, "r2_te_ssi_0": 0.6711393594741821, "lr": 0.0010000000474974513, "w_ae": 1.0, "w_ssi": 1.0, "eigs_0": 0.9568431973457336, "constrain": 1.1610607543843798e-05, "mean_bot_0": -0.37541115283966064, "mean_bot_1": -0.1691863238811493, "mean_bot_2": 0.32050246000289917, "mean_bot_3": 0.011675807647407055, "var_bot_0": 2.211225748062134, "var_bot_1": 1.4764374494552612, "var_bot_2": 2.9522194862365723, "var_bot_3": 1.349364995956421, "w_ssi_raw": 1.0, "loss_tr_raw_ssi": 1.0418294668197632, "loss_te_raw_ssi": 0.9600925445556641, "r2_tr_raw_ssi": 0.1901526302099228, "r2_te_raw_ssi": 0.13270191848278046, "loss": 0.865175724029541, "autoencoder_loss": 0.23686853051185608, "merged_linear_ssi_loss": -0.6501984596252441, "en_dec_ssi_to_raw_loss": 1.047340750694275, "step": 260}