{"loss_tr_tf_0": 0.838156521320343, "loss_tr_tf_1": 0.20114517211914062, "loss_tr_tf_2": -0.6743637323379517, "loss_tr_tf_3": 1.0442323684692383, "loss_te_tf_0": 1.090232014656067, "loss_te_tf_1": 0.25978997349739075, "loss_te_tf_2": -0.396030992269516, "loss_te_tf_3": 0.9593305587768555, "r2_tr_ae": 0.7701303362846375, "r2_te_ae": 0.7603950500488281, "loss_tr_lat_ssi": 0.07518180459737778, "loss_te_lat_ssi": 0.1403110921382904, "r2_tr_lat_ssi": 0.6743637323379517, "r2_te_lat_ssi": 0.396030992269516, "loss_tr_ssi": 0.30072730779647827, "loss_te_ssi": 0.5612444877624512, "r2_tr_tot_ssi": 0.6743637323379517, "r2_te_tot_ssi": 0.3960309624671936, "r2_tr_ssi_0": 0.8217024803161621, "r2_te_ssi_0": 0.638552188873291, "lr": 0.0010000000474974513, "w_ae": 1.0, "w_ssi": 1.0, "eigs_0": 0.953601062297821, "constrain": 4.407852975418791e-05, "mean_bot_0": -0.42546695470809937, "mean_bot_1": -0.16649901866912842, "mean_bot_2": 0.13851356506347656, "mean_bot_3": 0.03547009453177452, "var_bot_0": 1.3428820371627808, "var_bot_1": 1.1012961864471436, "var_bot_2": 2.5475218296051025, "var_bot_3": 0.9829946756362915, "w_ssi_raw": 1.0, "loss_tr_raw_ssi": 1.0442324876785278, "loss_te_raw_ssi": 0.9593305587768555, "r2_tr_raw_ssi": 0.1882847100496292, "r2_te_raw_ssi": 0.13339024782180786, "loss": 0.8989663124084473, "autoencoder_loss": 0.22391171753406525, "merged_linear_ssi_loss": -0.62995445728302, "en_dec_ssi_to_raw_loss": 1.0375810861587524, "step": 120}