{"loss_tr_tf_0": 0.7437612414360046, "loss_tr_tf_1": 0.198134183883667, "loss_tr_tf_2": -0.7174749374389648, "loss_tr_tf_3": 1.0324087142944336, "loss_te_tf_0": 0.9481639862060547, "loss_te_tf_1": 0.23627743124961853, "loss_te_tf_2": -0.47163042426109314, "loss_te_tf_3": 0.9528236389160156, "r2_tr_ae": 0.7778947949409485, "r2_te_ae": 0.7678883671760559, "loss_tr_lat_ssi": 0.06323909759521484, "loss_te_lat_ssi": 0.11022253334522247, "r2_tr_lat_ssi": 0.7174749374389648, "r2_te_lat_ssi": 0.47163039445877075, "loss_tr_ssi": 0.2529563903808594, "loss_te_ssi": 0.4408901631832123, "r2_tr_tot_ssi": 0.7174749374389648, "r2_te_tot_ssi": 0.47163039445877075, "r2_tr_ssi_0": 0.8473085165023804, "r2_te_ssi_0": 0.6939669847488403, "lr": 0.0010000000474974513, "w_ae": 1.0, "w_ssi": 1.0, "eigs_0": 0.9604403376579285, "constrain": 1.1453675142547581e-05, "mean_bot_0": -0.34497228264808655, "mean_bot_1": -0.20811060070991516, "mean_bot_2": 0.3562226891517639, "mean_bot_3": -0.048474252223968506, "var_bot_0": 2.343379020690918, "var_bot_1": 1.6203445196151733, "var_bot_2": 2.6650314331054688, "var_bot_3": 1.498759150505066, "w_ssi_raw": 1.0, "loss_tr_raw_ssi": 1.0324087142944336, "loss_te_raw_ssi": 0.9528235197067261, "r2_tr_raw_ssi": 0.19747571647167206, "r2_te_raw_ssi": 0.13926824927330017, "loss": 0.8294218182563782, "autoencoder_loss": 0.23331555724143982, "merged_linear_ssi_loss": -0.6759968400001526, "en_dec_ssi_to_raw_loss": 1.0413591861724854, "step": 620}