{"loss_tr_tf_0": 0.7431116700172424, "loss_tr_tf_1": 0.20046794414520264, "loss_tr_tf_2": -0.7189512252807617, "loss_tr_tf_3": 1.030966877937317, "loss_te_tf_0": 0.942916989326477, "loss_te_tf_1": 0.2367384433746338, "loss_te_tf_2": -0.4777330756187439, "loss_te_tf_3": 0.9532834887504578, "r2_tr_ae": 0.7746792435646057, "r2_te_ae": 0.764793872833252, "loss_tr_lat_ssi": 0.06528256833553314, "loss_te_lat_ssi": 0.11370006948709488, "r2_tr_lat_ssi": 0.7189512252807617, "r2_te_lat_ssi": 0.4777330756187439, "loss_tr_ssi": 0.26113036274909973, "loss_te_ssi": 0.45480042695999146, "r2_tr_tot_ssi": 0.7189512252807617, "r2_te_tot_ssi": 0.4777330756187439, "r2_tr_ssi_0": 0.8482621908187866, "r2_te_ssi_0": 0.6987736821174622, "lr": 0.0010000000474974513, "w_ae": 1.0, "w_ssi": 1.0, "eigs_0": 0.9656339883804321, "constrain": 9.210341522702947e-05, "mean_bot_0": -0.3388236463069916, "mean_bot_1": -0.21511487662792206, "mean_bot_2": 0.36326536536216736, "mean_bot_3": -0.06477580219507217, "var_bot_0": 2.298048496246338, "var_bot_1": 1.6080043315887451, "var_bot_2": 2.6914234161376953, "var_bot_3": 1.5475531816482544, "w_ssi_raw": 1.0, "loss_tr_raw_ssi": 1.030966877937317, "loss_te_raw_ssi": 0.953283429145813, "r2_tr_raw_ssi": 0.19859649240970612, "r2_te_raw_ssi": 0.13885289430618286, "loss": 0.8273447751998901, "autoencoder_loss": 0.22336801886558533, "merged_linear_ssi_loss": -0.6625863909721375, "en_dec_ssi_to_raw_loss": 1.035850167274475, "step": 740}