{"loss_tr_tf_0": 0.7383503913879395, "loss_tr_tf_1": 0.1979372799396515, "loss_tr_tf_2": -0.7219670414924622, "loss_tr_tf_3": 1.030954122543335, "loss_te_tf_0": 0.9368541836738586, "loss_te_tf_1": 0.23715057969093323, "loss_te_tf_2": -0.481438010931015, "loss_te_tf_3": 0.9497157335281372, "r2_tr_ae": 0.776730477809906, "r2_te_ae": 0.7667480707168579, "loss_tr_lat_ssi": 0.06403813511133194, "loss_te_lat_ssi": 0.11112184822559357, "r2_tr_lat_ssi": 0.7219670414924622, "r2_te_lat_ssi": 0.481438010931015, "loss_tr_ssi": 0.25615260004997253, "loss_te_ssi": 0.4444875121116638, "r2_tr_tot_ssi": 0.7219670414924622, "r2_te_tot_ssi": 0.4814379811286926, "r2_tr_ssi_0": 0.8498111963272095, "r2_te_ssi_0": 0.7009197473526001, "lr": 0.0010000000474974513, "w_ae": 1.0, "w_ssi": 1.0, "eigs_0": 0.967697262763977, "constrain": 1.603914461156819e-05, "mean_bot_0": -0.3391633629798889, "mean_bot_1": -0.21236470341682434, "mean_bot_2": 0.3604087829589844, "mean_bot_3": -0.059429459273815155, "var_bot_0": 2.335285186767578, "var_bot_1": 1.6110541820526123, "var_bot_2": 2.668027400970459, "var_bot_3": 1.553307056427002, "w_ssi_raw": 1.0, "loss_tr_raw_ssi": 1.030954122543335, "loss_te_raw_ssi": 0.9497156143188477, "r2_tr_raw_ssi": 0.19860631227493286, "r2_te_raw_ssi": 0.1420758068561554, "loss": 0.8267306089401245, "autoencoder_loss": 0.22245153784751892, "merged_linear_ssi_loss": -0.6693054437637329, "en_dec_ssi_to_raw_loss": 1.0422821044921875, "step": 760}