{"loss_tr_tf_0": 0.7406288385391235, "loss_tr_tf_1": 0.19780907034873962, "loss_tr_tf_2": -0.7192019820213318, "loss_tr_tf_3": 1.0318076610565186, "loss_te_tf_0": 0.9394553303718567, "loss_te_tf_1": 0.23594196140766144, "loss_te_tf_2": -0.4792153835296631, "loss_te_tf_3": 0.9525145292282104, "r2_tr_ae": 0.7771525382995605, "r2_te_ae": 0.7661076188087463, "loss_tr_lat_ssi": 0.06496939063072205, "loss_te_lat_ssi": 0.11175881326198578, "r2_tr_lat_ssi": 0.7192019820213318, "r2_te_lat_ssi": 0.4792153239250183, "loss_tr_ssi": 0.25987762212753296, "loss_te_ssi": 0.44703537225723267, "r2_tr_tot_ssi": 0.7192019820213318, "r2_te_tot_ssi": 0.4792152941226959, "r2_tr_ssi_0": 0.8483080863952637, "r2_te_ssi_0": 0.6991764307022095, "lr": 0.0010000000474974513, "w_ae": 1.0, "w_ssi": 1.0, "eigs_0": 0.9658937454223633, "constrain": 2.994064925587736e-05, "mean_bot_0": -0.3500341475009918, "mean_bot_1": -0.21511054039001465, "mean_bot_2": 0.3560289144515991, "mean_bot_3": -0.05467633157968521, "var_bot_0": 2.329850196838379, "var_bot_1": 1.6110990047454834, "var_bot_2": 2.6619579792022705, "var_bot_3": 1.5352399349212646, "w_ssi_raw": 1.0, "loss_tr_raw_ssi": 1.0318076610565186, "loss_te_raw_ssi": 0.9525145292282104, "r2_tr_raw_ssi": 0.19794289767742157, "r2_te_raw_ssi": 0.1395474672317505, "loss": 0.8093693852424622, "autoencoder_loss": 0.2083679735660553, "merged_linear_ssi_loss": -0.6729353666305542, "en_dec_ssi_to_raw_loss": 1.0435463190078735, "step": 700}