{"loss_tr_tf_0": 0.7437185645103455, "loss_tr_tf_1": 0.19618654251098633, "loss_tr_tf_2": -0.715910017490387, "loss_tr_tf_3": 1.032533884048462, "loss_te_tf_0": 0.9476205706596375, "loss_te_tf_1": 0.23692043125629425, "loss_te_tf_2": -0.4735619127750397, "loss_te_tf_3": 0.9533538818359375, "r2_tr_ae": 0.7783306837081909, "r2_te_ae": 0.768002986907959, "loss_tr_lat_ssi": 0.06434093415737152, "loss_te_lat_ssi": 0.11074280738830566, "r2_tr_lat_ssi": 0.7159100770950317, "r2_te_lat_ssi": 0.4735619127750397, "loss_tr_ssi": 0.25736379623413086, "loss_te_ssi": 0.4429713189601898, "r2_tr_tot_ssi": 0.715910017490387, "r2_te_tot_ssi": 0.4735618531703949, "r2_tr_ssi_0": 0.8464210629463196, "r2_te_ssi_0": 0.6955982446670532, "lr": 0.0010000000474974513, "w_ae": 1.0, "w_ssi": 1.0, "eigs_0": 0.9642011523246765, "constrain": 7.526793342549354e-05, "mean_bot_0": -0.35746172070503235, "mean_bot_1": -0.2029140442609787, "mean_bot_2": 0.34071677923202515, "mean_bot_3": -0.04043198376893997, "var_bot_0": 2.3010363578796387, "var_bot_1": 1.6100002527236938, "var_bot_2": 2.711428165435791, "var_bot_3": 1.472762107849121, "w_ssi_raw": 1.0, "loss_tr_raw_ssi": 1.032533884048462, "loss_te_raw_ssi": 0.953354001045227, "r2_tr_raw_ssi": 0.19737842679023743, "r2_te_raw_ssi": 0.13878920674324036, "loss": 0.8254863619804382, "autoencoder_loss": 0.22941315174102783, "merged_linear_ssi_loss": -0.6728084683418274, "en_dec_ssi_to_raw_loss": 1.0382168292999268, "step": 540}