{"loss_tr_tf_0": 0.7424792051315308, "loss_tr_tf_1": 0.19944988191127777, "loss_tr_tf_2": -0.7199325561523438, "loss_tr_tf_3": 1.0333092212677002, "loss_te_tf_0": 0.941415011882782, "loss_te_tf_1": 0.23809146881103516, "loss_te_tf_2": -0.4779866337776184, "loss_te_tf_3": 0.9516574144363403, "r2_tr_ae": 0.7758299112319946, "r2_te_ae": 0.7653337121009827, "loss_tr_lat_ssi": 0.06335090100765228, "loss_te_lat_ssi": 0.11040167510509491, "r2_tr_lat_ssi": 0.7199325561523438, "r2_te_lat_ssi": 0.4779866337776184, "loss_tr_ssi": 0.2534036934375763, "loss_te_ssi": 0.4416068494319916, "r2_tr_tot_ssi": 0.7199325561523438, "r2_te_tot_ssi": 0.4779866337776184, "r2_tr_ssi_0": 0.8486883044242859, "r2_te_ssi_0": 0.6979873180389404, "lr": 0.0010000000474974513, "w_ae": 1.0, "w_ssi": 1.0, "eigs_0": 0.9621448516845703, "constrain": 1.4710613868373912e-05, "mean_bot_0": -0.3471014201641083, "mean_bot_1": -0.21021468937397003, "mean_bot_2": 0.37175244092941284, "mean_bot_3": -0.05206744000315666, "var_bot_0": 2.3440325260162354, "var_bot_1": 1.616300344467163, "var_bot_2": 2.6552228927612305, "var_bot_3": 1.502448320388794, "w_ssi_raw": 1.0, "loss_tr_raw_ssi": 1.0333092212677002, "loss_te_raw_ssi": 0.9516574144363403, "r2_tr_raw_ssi": 0.19677576422691345, "r2_te_raw_ssi": 0.1403217911720276, "loss": 0.8132054209709167, "autoencoder_loss": 0.21954484283924103, "merged_linear_ssi_loss": -0.6731012463569641, "en_dec_ssi_to_raw_loss": 1.0371227264404297, "step": 660}