{"loss_tr_tf_0": 0.7438803911209106, "loss_tr_tf_1": 0.19726213812828064, "loss_tr_tf_2": -0.7179977297782898, "loss_tr_tf_3": 1.0344007015228271, "loss_te_tf_0": 0.9440873265266418, "loss_te_tf_1": 0.2357778549194336, "loss_te_tf_2": -0.4758862853050232, "loss_te_tf_3": 0.953980565071106, "r2_tr_ae": 0.7777568697929382, "r2_te_ae": 0.7672225832939148, "loss_tr_lat_ssi": 0.06513854116201401, "loss_te_lat_ssi": 0.11426965147256851, "r2_tr_lat_ssi": 0.7179978489875793, "r2_te_lat_ssi": 0.4758862555027008, "loss_tr_ssi": 0.2605542242527008, "loss_te_ssi": 0.4570786952972412, "r2_tr_tot_ssi": 0.7179978489875793, "r2_te_tot_ssi": 0.4758862853050232, "r2_tr_ssi_0": 0.847701370716095, "r2_te_ssi_0": 0.6962960958480835, "lr": 0.0010000000474974513, "w_ae": 1.0, "w_ssi": 1.0, "eigs_0": 0.9565800428390503, "constrain": 8.67800263222307e-05, "mean_bot_0": -0.34983065724372864, "mean_bot_1": -0.21357440948486328, "mean_bot_2": 0.36243295669555664, "mean_bot_3": -0.05325602367520332, "var_bot_0": 2.2981133460998535, "var_bot_1": 1.626591444015503, "var_bot_2": 2.7079405784606934, "var_bot_3": 1.5101596117019653, "w_ssi_raw": 1.0, "loss_tr_raw_ssi": 1.0344007015228271, "loss_te_raw_ssi": 0.9539804458618164, "r2_tr_raw_ssi": 0.19592717289924622, "r2_te_raw_ssi": 0.13822323083877563, "loss": 0.8178973197937012, "autoencoder_loss": 0.23540575802326202, "merged_linear_ssi_loss": -0.6719130277633667, "en_dec_ssi_to_raw_loss": 1.024292230606079, "step": 640}