{"loss_tr_tf_0": 1.6112101078033447, "loss_tr_tf_1": 0.56963711977005, "loss_tr_tf_2": -0.5522438883781433, "loss_tr_tf_3": 1.1275739669799805, "loss_te_tf_0": 1.8661085367202759, "loss_te_tf_1": 0.6387757062911987, "loss_te_tf_2": -0.276317834854126, "loss_te_tf_3": 1.0374077558517456, "r2_tr_ae": 0.40191030502319336, "r2_te_ae": 0.3956742584705353, "loss_tr_lat_ssi": 0.12810739874839783, "loss_te_lat_ssi": 0.23160414397716522, "r2_tr_lat_ssi": 0.5522440075874329, "r2_te_lat_ssi": 0.276317834854126, "loss_tr_ssi": 0.5124298334121704, "loss_te_ssi": 0.9264168739318848, "r2_tr_tot_ssi": 0.5522438883781433, "r2_te_tot_ssi": 0.2763177752494812, "r2_tr_ssi_0": 0.7543426156044006, "r2_te_ssi_0": 0.5745562314987183, "lr": 0.0010000000474974513, "w_ae": 1.0, "w_ssi": 1.0, "eigs_0": 0.9768301248550415, "constrain": 2.731539643718861e-05, "mean_bot_0": -0.012022175826132298, "mean_bot_1": -0.1478247344493866, "mean_bot_2": 0.34399324655532837, "mean_bot_3": -0.006627495400607586, "var_bot_0": 0.47556573152542114, "var_bot_1": 0.42528119683265686, "var_bot_2": 1.7470214366912842, "var_bot_3": 0.46328625082969666, "w_ssi_raw": 1.0, "loss_tr_raw_ssi": 1.1275739669799805, "loss_te_raw_ssi": 1.037407636642456, "r2_tr_raw_ssi": 0.12350066751241684, "r2_te_raw_ssi": 0.06285940110683441, "loss": 1.7035973072052002, "autoencoder_loss": 0.6126356720924377, "merged_linear_ssi_loss": -0.5159717798233032, "en_dec_ssi_to_raw_loss": 1.1386066675186157, "step": 20}