{"loss_tr_tf_0": 0.7502542734146118, "loss_tr_tf_1": 0.1977890431880951, "loss_tr_tf_2": -0.7146850228309631, "loss_tr_tf_3": 1.0372083187103271, "loss_te_tf_0": 0.9387181997299194, "loss_te_tf_1": 0.23749449849128723, "loss_te_tf_2": -0.48142457008361816, "loss_te_tf_3": 0.9527063369750977, "r2_tr_ae": 0.7771825194358826, "r2_te_ae": 0.7668336033821106, "loss_tr_lat_ssi": 0.06413678824901581, "loss_te_lat_ssi": 0.108505979180336, "r2_tr_lat_ssi": 0.7146850228309631, "r2_te_lat_ssi": 0.4814245104789734, "loss_tr_ssi": 0.256547212600708, "loss_te_ssi": 0.43402400612831116, "r2_tr_tot_ssi": 0.7146850228309631, "r2_te_tot_ssi": 0.48142457008361816, "r2_tr_ssi_0": 0.8458783030509949, "r2_te_ssi_0": 0.6999900937080383, "lr": 0.0010000000474974513, "w_ae": 1.0, "w_ssi": 1.0, "eigs_0": 0.9529698491096497, "constrain": 9.215228783432394e-05, "mean_bot_0": -0.38253986835479736, "mean_bot_1": -0.21068279445171356, "mean_bot_2": 0.3409583866596222, "mean_bot_3": -0.023944729939103127, "var_bot_0": 2.349520206451416, "var_bot_1": 1.5916805267333984, "var_bot_2": 2.7042548656463623, "var_bot_3": 1.4759842157363892, "w_ssi_raw": 1.0, "loss_tr_raw_ssi": 1.0372081995010376, "loss_te_raw_ssi": 0.9527063369750977, "r2_tr_raw_ssi": 0.19374485313892365, "r2_te_raw_ssi": 0.13937421143054962, "loss": 0.8307968378067017, "autoencoder_loss": 0.2326255589723587, "merged_linear_ssi_loss": -0.6593730449676514, "en_dec_ssi_to_raw_loss": 1.0276930332183838, "step": 500}