{"loss_tr_tf_0": 1.1662400960922241, "loss_tr_tf_1": 0.3411026895046234, "loss_tr_tf_2": -0.6290642619132996, "loss_tr_tf_3": 1.0587750673294067, "loss_te_tf_0": 1.4597233533859253, "loss_te_tf_1": 0.4557879567146301, "loss_te_tf_2": -0.3654652535915375, "loss_te_tf_3": 0.9739738702774048, "r2_tr_ae": 0.6245405077934265, "r2_te_ae": 0.6137537360191345, "loss_tr_lat_ssi": 0.08955710381269455, "loss_te_lat_ssi": 0.16129820048809052, "r2_tr_lat_ssi": 0.6290642619132996, "r2_te_lat_ssi": 0.3654652535915375, "loss_tr_ssi": 0.358228474855423, "loss_te_ssi": 0.6451928615570068, "r2_tr_tot_ssi": 0.6290642619132996, "r2_te_tot_ssi": 0.36546531319618225, "r2_tr_ssi_0": 0.7946485280990601, "r2_te_ssi_0": 0.62208092212677, "lr": 0.0010000000474974513, "w_ae": 1.0, "w_ssi": 1.0, "eigs_0": 0.9980165362358093, "constrain": 4.824903589906171e-05, "mean_bot_0": -0.1802591234445572, "mean_bot_1": -0.23339977860450745, "mean_bot_2": 0.10627610981464386, "mean_bot_3": -0.0028040779288858175, "var_bot_0": 0.6925467252731323, "var_bot_1": 0.4794260859489441, "var_bot_2": 1.9649696350097656, "var_bot_3": 0.692198634147644, "w_ssi_raw": 1.0, "loss_tr_raw_ssi": 1.0587750673294067, "loss_te_raw_ssi": 0.9739738702774048, "r2_tr_raw_ssi": 0.17698034644126892, "r2_te_raw_ssi": 0.12016226351261139, "loss": 1.245190978050232, "autoencoder_loss": 0.38052716851234436, "merged_linear_ssi_loss": -0.5844012498855591, "en_dec_ssi_to_raw_loss": 1.052002191543579, "step": 40}