{"loss_tr_tf_0": 0.7571489214897156, "loss_tr_tf_1": 0.19529618322849274, "loss_tr_tf_2": -0.70439612865448, "loss_tr_tf_3": 1.0372111797332764, "loss_te_tf_0": 0.9630641937255859, "loss_te_tf_1": 0.23742079734802246, "loss_te_tf_2": -0.45797285437583923, "loss_te_tf_3": 0.9545783996582031, "r2_tr_ae": 0.7803533673286438, "r2_te_ae": 0.7694045305252075, "loss_tr_lat_ssi": 0.06582525372505188, "loss_te_lat_ssi": 0.11471714824438095, "r2_tr_lat_ssi": 0.7043960690498352, "r2_te_lat_ssi": 0.45797282457351685, "loss_tr_ssi": 0.2633010447025299, "loss_te_ssi": 0.45886868238449097, "r2_tr_tot_ssi": 0.70439612865448, "r2_te_tot_ssi": 0.45797285437583923, "r2_tr_ssi_0": 0.8397884368896484, "r2_te_ssi_0": 0.6845134496688843, "lr": 0.0010000000474974513, "w_ae": 1.0, "w_ssi": 1.0, "eigs_0": 0.9544979929924011, "constrain": 2.981427314807661e-05, "mean_bot_0": -0.3994467258453369, "mean_bot_1": -0.19814005494117737, "mean_bot_2": 0.3281358480453491, "mean_bot_3": 0.011917711235582829, "var_bot_0": 2.2504169940948486, "var_bot_1": 1.5950543880462646, "var_bot_2": 2.7728848457336426, "var_bot_3": 1.3521158695220947, "w_ssi_raw": 1.0, "loss_tr_raw_ssi": 1.0372110605239868, "loss_te_raw_ssi": 0.9545783996582031, "r2_tr_raw_ssi": 0.19374258816242218, "r2_te_raw_ssi": 0.13768306374549866, "loss": 0.8224655985832214, "autoencoder_loss": 0.21413469314575195, "merged_linear_ssi_loss": -0.662083625793457, "en_dec_ssi_to_raw_loss": 1.0414667129516602, "step": 360}