{"loss_tr_tf_0": 0.7882152795791626, "loss_tr_tf_1": 0.19653266668319702, "loss_tr_tf_2": -0.6880573034286499, "loss_tr_tf_3": 1.0425852537155151, "loss_te_tf_0": 1.0055216550827026, "loss_te_tf_1": 0.23781375586986542, "loss_te_tf_2": -0.4280569553375244, "loss_te_tf_3": 0.9586102366447449, "r2_tr_ae": 0.7786546945571899, "r2_te_ae": 0.7686359286308289, "loss_tr_lat_ssi": 0.0672464519739151, "loss_te_lat_ssi": 0.12453131377696991, "r2_tr_lat_ssi": 0.6880573034286499, "r2_te_lat_ssi": 0.4280570149421692, "loss_tr_ssi": 0.26898589730262756, "loss_te_ssi": 0.4981253147125244, "r2_tr_tot_ssi": 0.6880573034286499, "r2_te_tot_ssi": 0.4280570447444916, "r2_tr_ssi_0": 0.8302634954452515, "r2_te_ssi_0": 0.6613004803657532, "lr": 0.0010000000474974513, "w_ae": 1.0, "w_ssi": 1.0, "eigs_0": 0.9455650448799133, "constrain": 2.128506821463816e-05, "mean_bot_0": -0.40188637375831604, "mean_bot_1": -0.1439494639635086, "mean_bot_2": 0.2627173066139221, "mean_bot_3": 0.028530795127153397, "var_bot_0": 1.9212859869003296, "var_bot_1": 1.3756729364395142, "var_bot_2": 2.8360953330993652, "var_bot_3": 1.2696738243103027, "w_ssi_raw": 1.0, "loss_tr_raw_ssi": 1.0425852537155151, "loss_te_raw_ssi": 0.9586102366447449, "r2_tr_raw_ssi": 0.18956510722637177, "r2_te_raw_ssi": 0.13404089212417603, "loss": 0.8577474355697632, "autoencoder_loss": 0.21145591139793396, "merged_linear_ssi_loss": -0.6210699081420898, "en_dec_ssi_to_raw_loss": 1.030102014541626, "step": 200}