{"loss_tr_tf_0": 0.7477208971977234, "loss_tr_tf_1": 0.19723889231681824, "loss_tr_tf_2": -0.7144569158554077, "loss_tr_tf_3": 1.0356981754302979, "loss_te_tf_0": 0.9496997594833374, "loss_te_tf_1": 0.23502838611602783, "loss_te_tf_2": -0.4701816439628601, "loss_te_tf_3": 0.955612301826477, "r2_tr_ae": 0.7778934240341187, "r2_te_ae": 0.7676181197166443, "loss_tr_lat_ssi": 0.06330613046884537, "loss_te_lat_ssi": 0.10966519266366959, "r2_tr_lat_ssi": 0.7144569158554077, "r2_te_lat_ssi": 0.4701816141605377, "loss_tr_ssi": 0.25322455167770386, "loss_te_ssi": 0.43866080045700073, "r2_tr_tot_ssi": 0.7144569158554077, "r2_te_tot_ssi": 0.4701816439628601, "r2_tr_ssi_0": 0.8453673124313354, "r2_te_ssi_0": 0.6930365562438965, "lr": 0.0010000000474974513, "w_ae": 1.0, "w_ssi": 1.0, "eigs_0": 0.9724340438842773, "constrain": 3.440325235715136e-05, "mean_bot_0": -0.36175552010536194, "mean_bot_1": -0.20536670088768005, "mean_bot_2": 0.33776751160621643, "mean_bot_3": -0.02923504449427128, "var_bot_0": 2.2765491008758545, "var_bot_1": 1.6059894561767578, "var_bot_2": 2.7124428749084473, "var_bot_3": 1.43257737159729, "w_ssi_raw": 1.0, "loss_tr_raw_ssi": 1.0356981754302979, "loss_te_raw_ssi": 0.9556123614311218, "r2_tr_raw_ssi": 0.1949186623096466, "r2_te_raw_ssi": 0.13674908876419067, "loss": 0.801984965801239, "autoencoder_loss": 0.22910070419311523, "merged_linear_ssi_loss": -0.6777571439743042, "en_dec_ssi_to_raw_loss": 1.0212665796279907, "step": 480}