{"loss_tr_tf_0": 0.7517975568771362, "loss_tr_tf_1": 0.198204904794693, "loss_tr_tf_2": -0.7109002470970154, "loss_tr_tf_3": 1.0348131656646729, "loss_te_tf_0": 0.9438179135322571, "loss_te_tf_1": 0.23236313462257385, "loss_te_tf_2": -0.4704897999763489, "loss_te_tf_3": 0.9522647857666016, "r2_tr_ae": 0.7778551578521729, "r2_te_ae": 0.768370509147644, "loss_tr_lat_ssi": 0.06418862193822861, "loss_te_lat_ssi": 0.11230917274951935, "r2_tr_lat_ssi": 0.7109002470970154, "r2_te_lat_ssi": 0.4704897999763489, "loss_tr_ssi": 0.2567545771598816, "loss_te_ssi": 0.44923678040504456, "r2_tr_tot_ssi": 0.7109002470970154, "r2_te_tot_ssi": 0.4704897403717041, "r2_tr_ssi_0": 0.843518078327179, "r2_te_ssi_0": 0.6926425695419312, "lr": 0.0010000000474974513, "w_ae": 1.0, "w_ssi": 1.0, "eigs_0": 0.960248589515686, "constrain": 1.5998575690900907e-05, "mean_bot_0": -0.36236414313316345, "mean_bot_1": -0.2067796289920807, "mean_bot_2": 0.33087366819381714, "mean_bot_3": -0.021764742210507393, "var_bot_0": 2.291633129119873, "var_bot_1": 1.628615140914917, "var_bot_2": 2.7612643241882324, "var_bot_3": 1.3821918964385986, "w_ssi_raw": 1.0, "loss_tr_raw_ssi": 1.0348131656646729, "loss_te_raw_ssi": 0.9522647857666016, "r2_tr_raw_ssi": 0.19560664892196655, "r2_te_raw_ssi": 0.13977307081222534, "loss": 0.8257051706314087, "autoencoder_loss": 0.21818867325782776, "merged_linear_ssi_loss": -0.6615259051322937, "en_dec_ssi_to_raw_loss": 1.0393152236938477, "step": 440}