{"loss_tr_tf_0": 0.7514931559562683, "loss_tr_tf_1": 0.19707989692687988, "loss_tr_tf_2": -0.7114936113357544, "loss_tr_tf_3": 1.03585946559906, "loss_te_tf_0": 0.9515169262886047, "loss_te_tf_1": 0.23601838946342468, "loss_te_tf_2": -0.468025267124176, "loss_te_tf_3": 0.9534764289855957, "r2_tr_ae": 0.7781001329421997, "r2_te_ae": 0.7678865194320679, "loss_tr_lat_ssi": 0.06118188053369522, "loss_te_lat_ssi": 0.10602760314941406, "r2_tr_lat_ssi": 0.7114936113357544, "r2_te_lat_ssi": 0.46802520751953125, "loss_tr_ssi": 0.24472756683826447, "loss_te_ssi": 0.4241105616092682, "r2_tr_tot_ssi": 0.7114936113357544, "r2_te_tot_ssi": 0.46802520751953125, "r2_tr_ssi_0": 0.8438721895217896, "r2_te_ssi_0": 0.6901358366012573, "lr": 0.0010000000474974513, "w_ae": 1.0, "w_ssi": 1.0, "eigs_0": 0.9575632810592651, "constrain": 8.302112837554887e-05, "mean_bot_0": -0.38105297088623047, "mean_bot_1": -0.20797541737556458, "mean_bot_2": 0.3351776897907257, "mean_bot_3": -0.002843941794708371, "var_bot_0": 2.2633767127990723, "var_bot_1": 1.6165088415145874, "var_bot_2": 2.7225759029388428, "var_bot_3": 1.3835573196411133, "w_ssi_raw": 1.0, "loss_tr_raw_ssi": 1.0358595848083496, "loss_te_raw_ssi": 0.9534764289855957, "r2_tr_raw_ssi": 0.19479325413703918, "r2_te_raw_ssi": 0.13867856562137604, "loss": 0.82794189453125, "autoencoder_loss": 0.2179071456193924, "merged_linear_ssi_loss": -0.6612316966056824, "en_dec_ssi_to_raw_loss": 1.0411566495895386, "step": 420}