{"loss_tr_tf_0": 0.7522759437561035, "loss_tr_tf_1": 0.19527599215507507, "loss_tr_tf_2": -0.7090972661972046, "loss_tr_tf_3": 1.036751389503479, "loss_te_tf_0": 0.9551075100898743, "loss_te_tf_1": 0.23591609299182892, "loss_te_tf_2": -0.46363791823387146, "loss_te_tf_3": 0.9534835815429688, "r2_tr_ae": 0.7798709273338318, "r2_te_ae": 0.7693476676940918, "loss_tr_lat_ssi": 0.06371905654668808, "loss_te_lat_ssi": 0.11059042066335678, "r2_tr_lat_ssi": 0.7090972661972046, "r2_te_lat_ssi": 0.46363791823387146, "loss_tr_ssi": 0.2548762857913971, "loss_te_ssi": 0.44236183166503906, "r2_tr_tot_ssi": 0.7090972661972046, "r2_te_tot_ssi": 0.4636378884315491, "r2_tr_ssi_0": 0.8424073457717896, "r2_te_ssi_0": 0.6878663301467896, "lr": 0.0010000000474974513, "w_ae": 1.0, "w_ssi": 1.0, "eigs_0": 0.9546769857406616, "constrain": 5.799654172733426e-05, "mean_bot_0": -0.3824327886104584, "mean_bot_1": -0.20354823768138885, "mean_bot_2": 0.3241139054298401, "mean_bot_3": 0.006862953305244446, "var_bot_0": 2.2879974842071533, "var_bot_1": 1.612483024597168, "var_bot_2": 2.7470638751983643, "var_bot_3": 1.3819361925125122, "w_ssi_raw": 1.0, "loss_tr_raw_ssi": 1.0367515087127686, "loss_te_raw_ssi": 0.9534835815429688, "r2_tr_raw_ssi": 0.19409993290901184, "r2_te_raw_ssi": 0.1386721432209015, "loss": 0.8265088200569153, "autoencoder_loss": 0.22267241775989532, "merged_linear_ssi_loss": -0.6604877710342407, "en_dec_ssi_to_raw_loss": 1.0350779294967651, "step": 400}