{"loss_tr_tf_0": 0.7461789846420288, "loss_tr_tf_1": 0.19763889908790588, "loss_tr_tf_2": -0.7168964743614197, "loss_tr_tf_3": 1.0345628261566162, "loss_te_tf_0": 0.9433175921440125, "loss_te_tf_1": 0.23349440097808838, "loss_te_tf_2": -0.47499412298202515, "loss_te_tf_3": 0.9539435505867004, "r2_tr_ae": 0.7781387567520142, "r2_te_ae": 0.7689458131790161, "loss_tr_lat_ssi": 0.06499360501766205, "loss_te_lat_ssi": 0.11140303313732147, "r2_tr_lat_ssi": 0.7168964743614197, "r2_te_lat_ssi": 0.47499412298202515, "loss_tr_ssi": 0.25997450947761536, "loss_te_ssi": 0.44561225175857544, "r2_tr_tot_ssi": 0.7168964743614197, "r2_te_tot_ssi": 0.47499412298202515, "r2_tr_ssi_0": 0.8472418785095215, "r2_te_ssi_0": 0.6962040662765503, "lr": 0.0010000000474974513, "w_ae": 1.0, "w_ssi": 1.0, "eigs_0": 0.9599162340164185, "constrain": 5.962067371001467e-05, "mean_bot_0": -0.3413640558719635, "mean_bot_1": -0.21026544272899628, "mean_bot_2": 0.3396069407463074, "mean_bot_3": -0.05288553237915039, "var_bot_0": 2.321117877960205, "var_bot_1": 1.6166467666625977, "var_bot_2": 2.6645069122314453, "var_bot_3": 1.5216619968414307, "w_ssi_raw": 1.0, "loss_tr_raw_ssi": 1.0345628261566162, "loss_te_raw_ssi": 0.9539436101913452, "r2_tr_raw_ssi": 0.1958012878894806, "r2_te_raw_ssi": 0.13825657963752747, "loss": 0.8477513194084167, "autoencoder_loss": 0.24734146893024445, "merged_linear_ssi_loss": -0.6716554760932922, "en_dec_ssi_to_raw_loss": 1.0411794185638428, "step": 600}