{"loss_tr_tf_0": 0.7810519337654114, "loss_tr_tf_1": 0.19696947932243347, "loss_tr_tf_2": -0.6915618181228638, "loss_tr_tf_3": 1.0403807163238525, "loss_te_tf_0": 1.009799599647522, "loss_te_tf_1": 0.23867520689964294, "loss_te_tf_2": -0.4256351590156555, "loss_te_tf_3": 0.9614957571029663, "r2_tr_ae": 0.7784762382507324, "r2_te_ae": 0.76836097240448, "loss_tr_lat_ssi": 0.06416811794042587, "loss_te_lat_ssi": 0.11936789751052856, "r2_tr_lat_ssi": 0.6915618181228638, "r2_te_lat_ssi": 0.4256351590156555, "loss_tr_ssi": 0.25667253136634827, "loss_te_ssi": 0.4774716794490814, "r2_tr_tot_ssi": 0.6915618181228638, "r2_te_tot_ssi": 0.4256351590156555, "r2_tr_ssi_0": 0.8319277763366699, "r2_te_ssi_0": 0.6612610816955566, "lr": 0.0010000000474974513, "w_ae": 1.0, "w_ssi": 1.0, "eigs_0": 0.9586529731750488, "constrain": 2.8177402782603167e-05, "mean_bot_0": -0.4089277684688568, "mean_bot_1": -0.16072390973567963, "mean_bot_2": 0.29814472794532776, "mean_bot_3": 0.028066739439964294, "var_bot_0": 2.0040063858032227, "var_bot_1": 1.438370943069458, "var_bot_2": 2.8955416679382324, "var_bot_3": 1.3021767139434814, "w_ssi_raw": 1.0, "loss_tr_raw_ssi": 1.0403807163238525, "loss_te_raw_ssi": 0.9614957571029663, "r2_tr_raw_ssi": 0.19127881526947021, "r2_te_raw_ssi": 0.13143423199653625, "loss": 0.8529887199401855, "autoencoder_loss": 0.21429386734962463, "merged_linear_ssi_loss": -0.6481902003288269, "en_dec_ssi_to_raw_loss": 1.051588773727417, "step": 220}