{"loss_tr_tf_0": 0.7460706830024719, "loss_tr_tf_1": 0.1980166733264923, "loss_tr_tf_2": -0.7162972688674927, "loss_tr_tf_3": 1.0335999727249146, "loss_te_tf_0": 0.9398974180221558, "loss_te_tf_1": 0.23658911883831024, "loss_te_tf_2": -0.4782569408416748, "loss_te_tf_3": 0.9508137702941895, "r2_tr_ae": 0.7769778966903687, "r2_te_ae": 0.7676032781600952, "loss_tr_lat_ssi": 0.06367221474647522, "loss_te_lat_ssi": 0.11096636205911636, "r2_tr_lat_ssi": 0.7162972688674927, "r2_te_lat_ssi": 0.4782569408416748, "loss_tr_ssi": 0.25468891859054565, "loss_te_ssi": 0.44386547803878784, "r2_tr_tot_ssi": 0.7162972688674927, "r2_te_tot_ssi": 0.4782569408416748, "r2_tr_ssi_0": 0.8467805981636047, "r2_te_ssi_0": 0.6980391144752502, "lr": 0.0010000000474974513, "w_ae": 1.0, "w_ssi": 1.0, "eigs_0": 0.9600151181221008, "constrain": 8.06085008662194e-05, "mean_bot_0": -0.3579804003238678, "mean_bot_1": -0.20278272032737732, "mean_bot_2": 0.36276331543922424, "mean_bot_3": -0.04622580483555794, "var_bot_0": 2.3429455757141113, "var_bot_1": 1.618969202041626, "var_bot_2": 2.68876576423645, "var_bot_3": 1.458532452583313, "w_ssi_raw": 1.0, "loss_tr_raw_ssi": 1.0335999727249146, "loss_te_raw_ssi": 0.9508137702941895, "r2_tr_raw_ssi": 0.19654977321624756, "r2_te_raw_ssi": 0.14108386635780334, "loss": 0.8256667852401733, "autoencoder_loss": 0.22503526508808136, "merged_linear_ssi_loss": -0.6630810499191284, "en_dec_ssi_to_raw_loss": 1.0329688787460327, "step": 560}