{"loss_tr_tf_0": 0.7445526123046875, "loss_tr_tf_1": 0.1985323131084442, "loss_tr_tf_2": -0.7171414494514465, "loss_tr_tf_3": 1.0333812236785889, "loss_te_tf_0": 0.9489439129829407, "loss_te_tf_1": 0.23634548485279083, "loss_te_tf_2": -0.4712318480014801, "loss_te_tf_3": 0.9540497660636902, "r2_tr_ae": 0.777163028717041, "r2_te_ae": 0.7667892575263977, "loss_tr_lat_ssi": 0.06720101088285446, "loss_te_lat_ssi": 0.1172555685043335, "r2_tr_lat_ssi": 0.7171414494514465, "r2_te_lat_ssi": 0.4712318480014801, "loss_tr_ssi": 0.26880407333374023, "loss_te_ssi": 0.46902236342430115, "r2_tr_tot_ssi": 0.7171414494514465, "r2_te_tot_ssi": 0.4712317883968353, "r2_tr_ssi_0": 0.8473489880561829, "r2_te_ssi_0": 0.6954386234283447, "lr": 0.0010000000474974513, "w_ae": 1.0, "w_ssi": 1.0, "eigs_0": 0.9619231224060059, "constrain": 5.1506725867511705e-05, "mean_bot_0": -0.3616567850112915, "mean_bot_1": -0.22051846981048584, "mean_bot_2": 0.36779138445854187, "mean_bot_3": -0.043706465512514114, "var_bot_0": 2.3015739917755127, "var_bot_1": 1.620591163635254, "var_bot_2": 2.673356056213379, "var_bot_3": 1.5487301349639893, "w_ssi_raw": 1.0, "loss_tr_raw_ssi": 1.0333813428878784, "loss_te_raw_ssi": 0.9540498852729797, "r2_tr_raw_ssi": 0.19671963155269623, "r2_te_raw_ssi": 0.1381605714559555, "loss": 0.821432888507843, "autoencoder_loss": 0.23291277885437012, "merged_linear_ssi_loss": -0.6745297908782959, "en_dec_ssi_to_raw_loss": 1.0332720279693604, "step": 680}