{"loss_tr_tf_0": 0.8210431933403015, "loss_tr_tf_1": 0.1989244520664215, "loss_tr_tf_2": -0.6778160333633423, "loss_tr_tf_3": 1.0445163249969482, "loss_te_tf_0": 1.0594364404678345, "loss_te_tf_1": 0.24949944019317627, "loss_te_tf_2": -0.404920756816864, "loss_te_tf_3": 0.9594391584396362, "r2_tr_ae": 0.7741921544075012, "r2_te_ae": 0.7643734216690063, "loss_tr_lat_ssi": 0.0721939206123352, "loss_te_lat_ssi": 0.13380184769630432, "r2_tr_lat_ssi": 0.6778160333633423, "r2_te_lat_ssi": 0.404920756816864, "loss_tr_ssi": 0.2887757420539856, "loss_te_ssi": 0.5352075695991516, "r2_tr_tot_ssi": 0.6778160333633423, "r2_te_tot_ssi": 0.404920756816864, "r2_tr_ssi_0": 0.8238021731376648, "r2_te_ssi_0": 0.6450892686843872, "lr": 0.0010000000474974513, "w_ae": 1.0, "w_ssi": 1.0, "eigs_0": 0.9549808502197266, "constrain": 2.531204700062517e-05, "mean_bot_0": -0.4288967549800873, "mean_bot_1": -0.16403216123580933, "mean_bot_2": 0.17332503199577332, "mean_bot_3": 0.04458004981279373, "var_bot_0": 1.516918659210205, "var_bot_1": 1.1889344453811646, "var_bot_2": 2.6557064056396484, "var_bot_3": 1.1024682521820068, "w_ssi_raw": 1.0, "loss_tr_raw_ssi": 1.0445163249969482, "loss_te_raw_ssi": 0.9594391584396362, "r2_tr_raw_ssi": 0.1880641132593155, "r2_te_raw_ssi": 0.133292093873024, "loss": 0.8787196278572083, "autoencoder_loss": 0.2121874839067459, "merged_linear_ssi_loss": -0.6396392583847046, "en_dec_ssi_to_raw_loss": 1.0503910779953003, "step": 140}