{"loss_tr_tf_0": 0.7434747815132141, "loss_tr_tf_1": 0.19752493500709534, "loss_tr_tf_2": -0.7166708707809448, "loss_tr_tf_3": 1.031758427619934, "loss_te_tf_0": 0.9463357925415039, "loss_te_tf_1": 0.23660457134246826, "loss_te_tf_2": -0.47362667322158813, "loss_te_tf_3": 0.9524955749511719, "r2_tr_ae": 0.7768614888191223, "r2_te_ae": 0.7670925259590149, "loss_tr_lat_ssi": 0.062273818999528885, "loss_te_lat_ssi": 0.10697641223669052, "r2_tr_lat_ssi": 0.7166708707809448, "r2_te_lat_ssi": 0.47362667322158813, "loss_tr_ssi": 0.2490953505039215, "loss_te_ssi": 0.42790573835372925, "r2_tr_tot_ssi": 0.7166708707809448, "r2_te_tot_ssi": 0.47362661361694336, "r2_tr_ssi_0": 0.8469810485839844, "r2_te_ssi_0": 0.6953555345535278, "lr": 0.0010000000474974513, "w_ae": 1.0, "w_ssi": 1.0, "eigs_0": 0.9628464579582214, "constrain": 2.420527562208008e-05, "mean_bot_0": -0.3562799096107483, "mean_bot_1": -0.21314267814159393, "mean_bot_2": 0.3596079349517822, "mean_bot_3": -0.045746613293886185, "var_bot_0": 2.3323025703430176, "var_bot_1": 1.6136207580566406, "var_bot_2": 2.6526131629943848, "var_bot_3": 1.4907432794570923, "w_ssi_raw": 1.0, "loss_tr_raw_ssi": 1.031758427619934, "loss_te_raw_ssi": 0.9524955749511719, "r2_tr_raw_ssi": 0.19798123836517334, "r2_te_raw_ssi": 0.1395646184682846, "loss": 0.8155800104141235, "autoencoder_loss": 0.21940955519676208, "merged_linear_ssi_loss": -0.6760894060134888, "en_dec_ssi_to_raw_loss": 1.0413674116134644, "step": 580}