{"loss_tr_tf_0": 0.916774570941925, "loss_tr_tf_1": 0.22153368592262268, "loss_tr_tf_2": -0.6629266738891602, "loss_tr_tf_3": 1.0447065830230713, "loss_te_tf_0": 1.1847496032714844, "loss_te_tf_1": 0.2920692563056946, "loss_te_tf_2": -0.38394278287887573, "loss_te_tf_3": 0.9631621241569519, "r2_tr_ae": 0.7499445676803589, "r2_te_ae": 0.7428490519523621, "loss_tr_lat_ssi": 0.07672806084156036, "loss_te_lat_ssi": 0.14551499485969543, "r2_tr_lat_ssi": 0.6629266738891602, "r2_te_lat_ssi": 0.38394278287887573, "loss_tr_ssi": 0.30691230297088623, "loss_te_ssi": 0.5820600390434265, "r2_tr_tot_ssi": 0.6629266738891602, "r2_te_tot_ssi": 0.3839428424835205, "r2_tr_ssi_0": 0.8146488070487976, "r2_te_ssi_0": 0.6300252676010132, "lr": 0.0010000000474974513, "w_ae": 1.0, "w_ssi": 1.0, "eigs_0": 0.9617279171943665, "constrain": 6.519975431729108e-05, "mean_bot_0": -0.401773065328598, "mean_bot_1": -0.19366852939128876, "mean_bot_2": 0.03030037321150303, "mean_bot_3": 0.001548445550724864, "var_bot_0": 0.9770286679267883, "var_bot_1": 0.8590866923332214, "var_bot_2": 2.3472886085510254, "var_bot_3": 0.8356754183769226, "w_ssi_raw": 1.0, "loss_tr_raw_ssi": 1.0447065830230713, "loss_te_raw_ssi": 0.9631621241569519, "r2_tr_raw_ssi": 0.18791618943214417, "r2_te_raw_ssi": 0.12992903590202332, "loss": 0.9926849603652954, "autoencoder_loss": 0.26050230860710144, "merged_linear_ssi_loss": -0.6323680877685547, "en_dec_ssi_to_raw_loss": 1.0502668619155884, "step": 80}