{"loss_tr_tf_0": 0.74815434217453, "loss_tr_tf_1": 0.19811373949050903, "loss_tr_tf_2": -0.7151426672935486, "loss_tr_tf_3": 1.034633994102478, "loss_te_tf_0": 0.9470481872558594, "loss_te_tf_1": 0.23613104224205017, "loss_te_tf_2": -0.47187671065330505, "loss_te_tf_3": 0.9522446393966675, "r2_tr_ae": 0.7774595022201538, "r2_te_ae": 0.7675111293792725, "loss_tr_lat_ssi": 0.06359533220529556, "loss_te_lat_ssi": 0.1110169067978859, "r2_tr_lat_ssi": 0.7151426076889038, "r2_te_lat_ssi": 0.47187668085098267, "loss_tr_ssi": 0.254381388425827, "loss_te_ssi": 0.44406771659851074, "r2_tr_tot_ssi": 0.7151426076889038, "r2_te_tot_ssi": 0.47187671065330505, "r2_tr_ssi_0": 0.8460158109664917, "r2_te_ssi_0": 0.6939499974250793, "lr": 0.0010000000474974513, "w_ae": 1.0, "w_ssi": 1.0, "eigs_0": 0.9584924578666687, "constrain": 8.794761379249394e-05, "mean_bot_0": -0.3681255877017975, "mean_bot_1": -0.20432062447071075, "mean_bot_2": 0.36478349566459656, "mean_bot_3": -0.02666352316737175, "var_bot_0": 2.29011869430542, "var_bot_1": 1.614422082901001, "var_bot_2": 2.7046351432800293, "var_bot_3": 1.4617449045181274, "w_ssi_raw": 1.0, "loss_tr_raw_ssi": 1.034633994102478, "loss_te_raw_ssi": 0.9522446393966675, "r2_tr_raw_ssi": 0.1957458108663559, "r2_te_raw_ssi": 0.13979122042655945, "loss": 0.8123447299003601, "autoencoder_loss": 0.22230727970600128, "merged_linear_ssi_loss": -0.6697321534156799, "en_dec_ssi_to_raw_loss": 1.0293502807617188, "step": 520}